Operator Name,Operator ID,Field ID,Field Name,Well Serial Num,Well Name,Well Num,Lease Num,Well Status Code,Well Status Code Description,Classification,Well Class Type Code,Well Class Type Code Description,API Num,Effective Date,Permit Date,Spud Date,Well Status Date,Section,Township,Range,Meridian,Parish Code,Parish Name,District Code,District Name,Ground Elevation,Latitude,Longitude,Product Type Code,Product Type Code Description,USDW Value,Area USDW Value,Source Area USDW Value
"ADDIE, JAMES & JOHN THORNTON",T040,6076,LITTLE CREEK,253058,TANNEHILL-GALLAHER A,9,-,1,PERMITTED,-,-,-,1.70593E+13,27-Oct-21,27-Oct-21,-,27-Oct-21,31,09N,02E,W,30,LASALLE,5,MONROE,139,31.72183825,-92.30259489,0,NO PRODUCT SPECIFIED,-,0,-
"ADDIE, JAMES & JOHN THORNTON",T040,7130,OLLA,252926,WX F1 RA SU453;WEYERHAEUSER 6,2,-,31,SHUT-IN DRY HOLE -FUTURE UTILITY,-,-,-,1.70593E+13,19-Aug-21,9-Aug-21,16-Aug-21,19-Aug-21,6,09N,02E,W,30,LASALLE,5,MONROE,89.1,31.78343565,-92.29987019,0,NO PRODUCT SPECIFIED,-,0,-
AETHON ENERGY OPERATING LLC,A1760,41,ALABAMA BEND,252959,HA RA SUT;M SANDERS 4 H,001-ALT,-,1,PERMITTED,-,-,-,1.70132E+13,26-Aug-21,26-Aug-21,-,26-Aug-21,9,15N,09W,W,7,BIENVILLE,6,SHREVEPORT,263.6,32.30773226,-93.30025032,0,NO PRODUCT SPECIFIED,-,0,-
AETHON ENERGY OPERATING LLC,A1760,41,ALABAMA BEND,252962,HA RA SUW; CARTHAGE TMBR 4-9HC,001-ALT,-,31,SHUT-IN DRY HOLE -FUTURE UTILITY,-,-,-,1.70132E+13,28-Oct-21,27-Aug-21,19-Sep-21,28-Oct-21,33,16N,10W,W,7,BIENVILLE,6,SHREVEPORT,219.3,32.32448097,-93.39309836,0,NO PRODUCT SPECIFIED,-,0,-
AETHON ENERGY OPERATING LLC,A1760,3608,ELM GROVE,253051,HA RA SUJJ;J CAPLIS 5-15-12 H,002-ALT,-,1,PERMITTED,-,-,-,1.70174E+13,25-Oct-21,25-Oct-21,-,25-Oct-21,30,16N,12W,W,9,CADDO,6,SHREVEPORT,154.4,32.32508004,-93.62570452,0,NO PRODUCT SPECIFIED,-,0,-
AETHON ENERGY OPERATING LLC,A1760,3608,ELM GROVE,253052,HA RA SUJJ;J CAPLIS 5-15-12 H,003-ALT,-,1,PERMITTED,-,-,-,1.70174E+13,25-Oct-21,25-Oct-21,-,25-Oct-21,30,16N,12W,W,9,CADDO,6,SHREVEPORT,154.4,32.32505295,-93.62565886,0,NO PRODUCT SPECIFIED,-,0,-
AETHON ENERGY OPERATING LLC,A1760,3608,ELM GROVE,253054,HA RA SUJJ;J CAPLIS 5-15-12 H,004-ALT,-,1,PERMITTED,-,-,-,1.70174E+13,25-Oct-21,25-Oct-21,-,25-Oct-21,30,16N,12W,W,9,CADDO,6,SHREVEPORT,154.4,32.32502315,-93.62560993,0,NO PRODUCT SPECIFIED,-,0,-
AETHON ENERGY OPERATING LLC,A1760,3608,ELM GROVE,253055,HA RA SUJJ;SIMMONS 5 H,001-ALT,-,1,PERMITTED,-,-,-,1.70174E+13,25-Oct-21,25-Oct-21,-,25-Oct-21,30,16N,12W,W,9,CADDO,6,SHREVEPORT,153.4,32.32667989,-93.61725796,0,NO PRODUCT SPECIFIED,-,0,-
AETHON ENERGY OPERATING LLC,A1760,3608,ELM GROVE,253056,HA RA SUJJ;SIMMONS 5 H,002-ALT,-,1,PERMITTED,-,-,-,1.70174E+13,25-Oct-21,25-Oct-21,-,25-Oct-21,30,16N,12W,W,9,CADDO,6,SHREVEPORT,153.4,32.3266804,-93.61719969,0,NO PRODUCT SPECIFIED,-,0,-
AETHON ENERGY OPERATING LLC,A1760,3608,ELM GROVE,253057,HA RA SUJJ;SIMMONS 5 H,003-ALT,-,1,PERMITTED,-,-,-,1.70174E+13,25-Oct-21,25-Oct-21,-,25-Oct-21,30,16N,12W,W,9,CADDO,6,SHREVEPORT,153.4,32.32668091,-93.61714142,0,NO PRODUCT SPECIFIED,-,0,-
AETHON ENERGY OPERATING LLC,A1760,8358,SLIGO,252969,HA RA SU85;CLAY 21-16 HC,1,-,1,PERMITTED,-,-,-,1.70153E+13,10-Sep-21,10-Sep-21,-,10-Sep-21,21,17N,11W,W,8,BOSSIER,6,SHREVEPORT,181.5,32.44013055,-93.50455498,0,NO PRODUCT SPECIFIED,-,0,-
AETHON ENERGY OPERATING LLC,A1760,8358,SLIGO,252970,HA RA SU85;CLAY 21-16 HC,002-ALT,-,1,PERMITTED,-,-,-,1.70153E+13,10-Sep-21,10-Sep-21,-,10-Sep-21,21,17N,11W,W,8,BOSSIER,6,SHREVEPORT,181.5,32.44013009,-93.50461332,0,NO PRODUCT SPECIFIED,-,0,-
AETHON ENERGY OPERATING LLC,A1760,8358,SLIGO,252971,HA RA SU85;CLAY 21-16 HC,003-ALT,-,1,PERMITTED,-,-,-,1.70153E+13,10-Sep-21,10-Sep-21,-,10-Sep-21,21,17N,11W,W,8,BOSSIER,6,SHREVEPORT,181.5,32.44012963,-93.50467167,0,NO PRODUCT SPECIFIED,-,0,-
AETHON ENERGY OPERATING LLC,A1760,8358,SLIGO,252972,HA RA SU85;CLAY 21-16 HC,004-ALT,-,1,PERMITTED,-,-,-,1.70153E+13,10-Sep-21,10-Sep-21,-,10-Sep-21,21,17N,11W,W,8,BOSSIER,6,SHREVEPORT,184,32.4392178,-93.49684979,0,NO PRODUCT SPECIFIED,-,0,-
AETHON ENERGY OPERATING LLC,A1760,8358,SLIGO,252973,HA RA SU85;CLAY 21-16 HC,005-ALT,-,1,PERMITTED,-,-,-,1.70153E+13,10-Sep-21,10-Sep-21,-,10-Sep-21,21,17N,11W,W,8,BOSSIER,6,SHREVEPORT,184,32.43921734,-93.49690813,0,NO PRODUCT SPECIFIED,-,0,-
AETHON ENERGY OPERATING LLC,A1760,8358,SLIGO,252974,HA RA SU85;CLAY 21-16 HC,006-ALT,-,1,PERMITTED,-,-,-,1.70153E+13,10-Sep-21,10-Sep-21,-,10-Sep-21,21,17N,11W,W,8,BOSSIER,6,SHREVEPORT,184,32.43921688,-93.49696647,0,NO PRODUCT SPECIFIED,-,0,-
AETHON ENERGY OPERATING LLC,A1760,9803,WOODARDVILLE,252932,HA RA SUFF;GEP 13-24-25 HC,001-ALT,-,1,PERMITTED,-,-,-,1.70132E+13,11-Aug-21,11-Aug-21,-,11-Aug-21,12,15N,10W,W,7,BIENVILLE,6,SHREVEPORT,257.7,32.29546028,-93.34430708,0,NO PRODUCT SPECIFIED,-,0,-
AETHON ENERGY OPERATING LLC,A1760,9803,WOODARDVILLE,252933,HA RA SUFF;GEP 13-24-25 HC,002-ALT,-,1,PERMITTED,-,-,-,1.70132E+13,11-Aug-21,11-Aug-21,-,11-Aug-21,12,15N,10W,W,7,BIENVILLE,6,SHREVEPORT,257.7,32.2954108,-93.34430663,0,NO PRODUCT SPECIFIED,-,0,-
AETHON ENERGY OPERATING LLC,A1760,9803,WOODARDVILLE,252934,HA RA SUFF;GEP 13-24-25 HC,003-ALT,-,31,SHUT-IN DRY HOLE -FUTURE UTILITY,-,-,-,1.70132E+13,7-Nov-21,11-Aug-21,22-Aug-21,7-Nov-21,12,15N,10W,W,7,BIENVILLE,6,SHREVEPORT,257.7,32.29536133,-93.34430618,0,NO PRODUCT SPECIFIED,-,0,-
AETHON ENERGY OPERATING LLC,A1760,9803,WOODARDVILLE,252975,HA RA SU76;LEE 24-13 HC,001-ALT,-,1,PERMITTED,-,-,-,1.70132E+13,10-Sep-21,10-Sep-21,-,10-Sep-21,25,15N,10W,W,7,BIENVILLE,6,SHREVEPORT,277.7,32.26360285,-93.34969633,0,NO PRODUCT SPECIFIED,-,0,-
AETHON ENERGY OPERATING LLC,A1760,9803,WOODARDVILLE,252976,HA RA SU76;LEE 24-13 HC,002-ALT,-,1,PERMITTED,-,-,-,1.70132E+13,10-Sep-21,10-Sep-21,-,10-Sep-21,25,15N,10W,W,7,BIENVILLE,6,SHREVEPORT,277.7,32.26358395,-93.34964439,0,NO PRODUCT SPECIFIED,-,0,-
AETHON ENERGY OPERATING LLC,A1760,9803,WOODARDVILLE,253007,HA RA SUT;J SALTER 19-18 HC,001-ALT,-,1,PERMITTED,-,-,-,1.70132E+13,28-Sep-21,28-Sep-21,-,28-Sep-21,18,15N,09W,W,7,BIENVILLE,6,SHREVEPORT,266,32.2809041,-93.33269291,0,NO PRODUCT SPECIFIED,-,0,-
APEXWAY CORP.,A226,2152,CADDO PINE ISLAND,975868,THE LAND COMPANY SWD,C-2,-,2,APPROVAL TO CONSTRUCT INJECTION WELL,II,5,PRODUCED SALT WATER,1.70179E+13,3-Nov-21,3-Nov-21,-,3-Nov-21,9,20N,15W,W,9,CADDO,6,SHREVEPORT,214.6,32.73148429,-93.92950516,0,NO PRODUCT SPECIFIED,-,180,AREA USDW FROM E LOG OF SN 53741 PER BYRONE 10/4/2021
"BAY GAS, LLC",B257,3668,ESPERANCE POINT,253009,HOGUE ESTATE NWEP,1,-,1,PERMITTED,-,-,-,1.70292E+13,29-Sep-21,29-Sep-21,-,29-Sep-21,0,05N,09E,W,15,CONCORDIA,5,MONROE,42.2,31.4001154,-91.5195524,0,NO PRODUCT SPECIFIED,-,0,-
"BAY GAS, LLC",B257,3668,ESPERANCE POINT,253010,GALE CORP-RATHE,1,-,1,PERMITTED,-,-,-,1.70292E+13,29-Sep-21,29-Sep-21,-,29-Sep-21,2,05N,09E,W,15,CONCORDIA,5,MONROE,54,31.43893012,-91.52454282,0,NO PRODUCT SPECIFIED,-,0,-
"BAY GAS, LLC",B257,3668,ESPERANCE POINT,253011,CMPBL RB SUA;HOGUE ESTATE BI,001-ALT,-,1,PERMITTED,-,-,-,1.70292E+13,29-Sep-21,29-Sep-21,-,29-Sep-21,66,05N,09E,W,15,CONCORDIA,5,MONROE,63.3,31.38233882,-91.54970597,0,NO PRODUCT SPECIFIED,-,0,-
BAYOU STATE OIL CORPORATION,492,2152,CADDO PINE ISLAND,975865,BAYOU STATE FEE SWD,4,-,9,ACTIVE- INJECTION,II,5,PRODUCED SALT WATER,1.70179E+13,1-Dec-21,30-Sep-21,21-Oct-21,1-Dec-21,30,22N,15W,W,9,CADDO,6,SHREVEPORT,0,32.86518571,-93.95896633,0,NO PRODUCT SPECIFIED,-,250,AREA USDW PER SN 53735 PER SAMANTHAR
"BCF OPERATING, LLC",B6543,7651,RED RIVER-BULL BAYOU,252997,STEPHENS,1,-,1,PERMITTED,-,-,-,1.70812E+13,27-Sep-21,27-Sep-21,-,27-Sep-21,13,12N,11W,W,41,RED RIVER,6,SHREVEPORT,130.87,32.02661539,-93.4542775,0,NO PRODUCT SPECIFIED,-,0,-
"BHB OIL, INC",385,2152,CADDO PINE ISLAND,975871,WOOLDRIDGE SWD,1,-,2,APPROVAL TO CONSTRUCT INJECTION WELL,II,5,PRODUCED SALT WATER,1.70179E+13,22-Nov-21,22-Nov-21,-,22-Nov-21,19,20N,15W,W,9,CADDO,6,SHREVEPORT,217.8,32.7107699,-93.94964182,0,NO PRODUCT SPECIFIED,-,130,AREA USDW PER SN 41184 PER SAMANTHAR
"BLUE DOME OPERATING, LLC",B5343,4313,GREENWOOD-WASKOM,252949,HA RA SU69;BICKNELL 1-36 HC,001-ALT,-,1,PERMITTED,-,-,-,1.70174E+13,19-Aug-21,19-Aug-21,-,19-Aug-21,1,16N,16W,W,9,CADDO,6,SHREVEPORT,291,32.40164826,-93.96186574,0,NO PRODUCT SPECIFIED,-,0,-
"BLUE DOME OPERATING, LLC",B5343,4313,GREENWOOD-WASKOM,252950,HA RA SU69;BICKNELL 1-36 HC,002-ALT,-,1,PERMITTED,-,-,-,1.70174E+13,19-Aug-21,19-Aug-21,-,19-Aug-21,1,16N,16W,W,9,CADDO,6,SHREVEPORT,291,32.40157951,-93.96186789,0,NO PRODUCT SPECIFIED,-,0,-
"BLUE DOME OPERATING, LLC",B5343,4313,GREENWOOD-WASKOM,252951,HA RA SU69;BICKNELL 1-36 HC,003-ALT,-,1,PERMITTED,-,-,-,1.70174E+13,19-Aug-21,19-Aug-21,-,19-Aug-21,1,16N,16W,W,9,CADDO,6,SHREVEPORT,292,32.4015108,-93.96186679,0,NO PRODUCT SPECIFIED,-,0,-
"BLUE DOME OPERATING, LLC",B5343,4313,GREENWOOD-WASKOM,253070,DMQ ETAL 22-27 H,1,-,1,PERMITTED,-,-,-,1.70174E+13,2-Nov-21,2-Nov-21,-,2-Nov-21,22,16N,16W,W,9,CADDO,6,SHREVEPORT,282,32.36930943,-93.986381,0,NO PRODUCT SPECIFIED,-,0,-
BPX OPERATING COMPANY,B6983,41,ALABAMA BEND,252927,HA RA SUR;J P HOLLEY 8-17-20HC,001-ALT,-,1,PERMITTED,-,-,-,1.70132E+13,9-Aug-21,9-Aug-21,-,9-Aug-21,8,15N,10W,W,7,BIENVILLE,6,SHREVEPORT,172.1,32.30751479,-93.41939797,0,NO PRODUCT SPECIFIED,-,0,-
BPX OPERATING COMPANY,B6983,41,ALABAMA BEND,252977,HA RA SUR;J P HOLLEY 8-17 HC,001-ALT,-,31,SHUT-IN DRY HOLE -FUTURE UTILITY,-,-,-,1.70132E+13,29-Nov-21,16-Sep-21,29-Sep-21,29-Nov-21,8,15N,10W,W,7,BIENVILLE,6,SHREVEPORT,170.6,32.30751528,-93.41933,0,NO PRODUCT SPECIFIED,-,0,-
BPX OPERATING COMPANY,B6983,3608,ELM GROVE,253059,HA RA SUUU;HENDERSON 33-28 HC,002-ALT,-,1,PERMITTED,-,-,-,1.70153E+13,27-Oct-21,27-Oct-21,-,27-Oct-21,33,17N,12W,W,8,BOSSIER,6,SHREVEPORT,154.1,32.41079712,-93.60200927,0,NO PRODUCT SPECIFIED,-,0,-
BPX OPERATING COMPANY,B6983,3608,ELM GROVE,253060,HA RA SUUU;HENDERSON 33-28 HC,003-ALT,-,1,PERMITTED,-,-,-,1.70153E+13,27-Oct-21,27-Oct-21,-,27-Oct-21,33,17N,12W,W,8,BOSSIER,6,SHREVEPORT,154.1,32.41079246,-93.60191199,0,NO PRODUCT SPECIFIED,-,0,-
BPX OPERATING COMPANY,B6983,3608,ELM GROVE,253061,HA RA SUUU;HENDERSON 33-28 HC,004-ALT,-,1,PERMITTED,-,-,-,1.70153E+13,27-Oct-21,27-Oct-21,-,27-Oct-21,33,17N,12W,W,8,BOSSIER,6,SHREVEPORT,154,32.4107878,-93.60181472,0,NO PRODUCT SPECIFIED,-,0,-
BPX OPERATING COMPANY,B6983,3608,ELM GROVE,253092,HA RA SU54;TAYLOR 26-23 HC,001-ALT,-,1,PERMITTED,-,-,-,1.70153E+13,16-Nov-21,16-Nov-21,-,16-Nov-21,26,16N,11W,W,8,BOSSIER,6,SHREVEPORT,174.93,32.34305098,-93.47194068,0,NO PRODUCT SPECIFIED,-,0,-
BPX OPERATING COMPANY,B6983,3608,ELM GROVE,253093,HA RA SU54;TAYLOR 26-23 HC,002-ALT,-,1,PERMITTED,-,-,-,1.70153E+13,16-Nov-21,16-Nov-21,-,16-Nov-21,26,16N,11W,W,8,BOSSIER,6,SHREVEPORT,174.49,32.342996,-93.4719401,0,NO PRODUCT SPECIFIED,-,0,-
BPX OPERATING COMPANY,B6983,3998,GAHAGAN,252953,HA RA SUS;MJR FAMLLC21-28-33HC,001-ALT,-,1,PERMITTED,-,-,-,1.70812E+13,23-Aug-21,23-Aug-21,-,23-Aug-21,21,12N,10W,W,41,RED RIVER,6,SHREVEPORT,130.58,32.01015266,-93.39106352,0,NO PRODUCT SPECIFIED,-,0,-
BPX OPERATING COMPANY,B6983,3998,GAHAGAN,252954,HA RA SUS;MJR FAMLLC21-28-33HC,002-ALT,-,1,PERMITTED,-,-,-,1.70812E+13,23-Aug-21,23-Aug-21,-,23-Aug-21,21,12N,10W,W,41,RED RIVER,6,SHREVEPORT,130.56,32.01020991,-93.39113182,0,NO PRODUCT SPECIFIED,-,0,-
BPX OPERATING COMPANY,B6983,4313,GREENWOOD-WASKOM,252978,HA RA SU58;C R WOODS 4-33-28HC,001-ALT,-,1,PERMITTED,-,-,-,1.70174E+13,16-Sep-21,16-Sep-21,-,16-Sep-21,4,17N,16W,W,9,CADDO,6,SHREVEPORT,229.14,32.48726572,-94.00297448,0,NO PRODUCT SPECIFIED,-,0,-
BPX OPERATING COMPANY,B6983,4313,GREENWOOD-WASKOM,253099,HA RA SUSS;CR WOODS 3-34-27 HC,001-ALT,-,1,PERMITTED,-,-,-,1.70174E+13,29-Nov-21,29-Nov-21,-,29-Nov-21,4,17N,16W,W,9,CADDO,6,SHREVEPORT,229.18,32.48726373,-94.00290958,0,NO PRODUCT SPECIFIED,-,0,-
"C.T.R. OIL, INC.",C359,9011,TROUT CREEK,252995,VUA;BEATTY,1,-,1,PERMITTED,-,-,-,1.70593E+13,23-Sep-21,23-Sep-21,-,23-Sep-21,23,08N,02E,W,30,LASALLE,5,MONROE,157.1,31.6605788,-92.23705078,0,NO PRODUCT SPECIFIED,-,0,-
"C6 OPERATING, L.L.C.",C415,800,"BAYOU JACK, NORTH",252955,VUA;BORDELON 35,1,-,29,DRY AND PLUGGED,-,-,-,1.70092E+13,10-Sep-21,23-Aug-21,5-Sep-21,10-Sep-21,35,01S,06E,W,5,AVOYELLES,2,LAFAYETTE,36.2,30.93296325,-91.83003063,0,NO PRODUCT SPECIFIED,-,0,-
"C6 OPERATING, L.L.C.",C415,5820,"LARTO LAKE, SOUTH",252931,WX A RA SU3;TDX 10,1,-,10,ACTIVE - PRODUCING,-,-,-,1.70252E+13,4-Nov-21,11-Aug-21,10-Sep-21,4-Nov-21,10,04N,05E,W,13,CATAHOULA,5,MONROE,47.2,31.33176494,-91.94931605,10,OIL,-,0,-
"CANTIUM, LLC",C4563,415,BAY MARCHAND BLOCK 2 OFFSHORE,252939,SL 1367,70,1367,1,PERMITTED,-,-,-,1.77142E+13,12-Aug-21,12-Aug-21,-,12-Aug-21,0,0,0,W,29,LAFOURCHE,2,LAFAYETTE,0,29.06263082,-90.1774679,0,NO PRODUCT SPECIFIED,-,0,-
"CANTIUM, LLC",C4563,415,BAY MARCHAND BLOCK 2 OFFSHORE,252940,VUP2;SL 1365,92,1365,1,PERMITTED,-,-,-,1.77142E+13,17-Aug-21,17-Aug-21,-,17-Aug-21,0,0,0,W,29,LAFOURCHE,2,LAFAYETTE,0,29.1004933,-90.16205956,0,NO PRODUCT SPECIFIED,-,0,-
"CANTIUM, LLC",C4563,415,BAY MARCHAND BLOCK 2 OFFSHORE,253012,SL 1367,O-11,1367,1,PERMITTED,-,-,-,1.77142E+13,29-Sep-21,29-Sep-21,-,29-Sep-21,0,0,0,W,29,LAFOURCHE,2,LAFAYETTE,0,29.07199755,-90.18935565,0,NO PRODUCT SPECIFIED,-,0,-
"CHADCO, INC.",C019,6076,LITTLE CREEK,252921,NEBO,11,-,1,PERMITTED,-,-,-,1.70593E+13,5-Aug-21,5-Aug-21,-,5-Aug-21,25,09N,01E,W,30,LASALLE,5,MONROE,80,31.72728899,-92.33059513,0,NO PRODUCT SPECIFIED,-,0,-
"CHADCO, INC.",C019,6076,LITTLE CREEK,252922,NEBO,12,-,1,PERMITTED,-,-,-,1.70593E+13,5-Aug-21,5-Aug-21,-,5-Aug-21,25,09N,01E,W,30,LASALLE,5,MONROE,79,31.72728848,-92.33020916,0,NO PRODUCT SPECIFIED,-,0,-
"CHADCO, INC.",C019,6076,LITTLE CREEK,252923,NEBO,13,-,1,PERMITTED,-,-,-,1.70593E+13,5-Aug-21,5-Aug-21,-,5-Aug-21,25,09N,01E,W,30,LASALLE,5,MONROE,78,31.72728744,-92.32943722,0,NO PRODUCT SPECIFIED,-,0,-
"CHESAPEAKE OPERATING, L.L.C.",C441,1163,BAYOU SAN MIGUEL,253035,HA RA SUHH;LABOKAY 32-5 HC,001-ALT,-,1,PERMITTED,-,-,-,1.70852E+13,1-Nov-21,13-Oct-21,-,13-Oct-21,32,09N,11W,W,43,SABINE,6,SHREVEPORT,335.3,31.72796859,-93.51504754,0,NO PRODUCT SPECIFIED,-,0,-
"CHESAPEAKE OPERATING, L.L.C.",C441,1163,BAYOU SAN MIGUEL,253036,HA RA SUHH;LABOKAY 32-5 HC,002-ALT,-,1,PERMITTED,-,-,-,1.70852E+13,1-Nov-21,13-Oct-21,-,13-Oct-21,32,09N,11W,W,43,SABINE,6,SHREVEPORT,335.3,31.72805105,-93.51504845,0,NO PRODUCT SPECIFIED,-,0,-
"CHESAPEAKE OPERATING, L.L.C.",C441,1464,BETHANY LONGSTREET,253080,HA RA SU98;ONEAL 8&17-14-16 HC,001-ALT,-,1,PERMITTED,-,-,-,1.70174E+13,10-Nov-21,10-Nov-21,-,10-Nov-21,5,14N,16W,W,9,CADDO,6,SHREVEPORT,0,32.22607542,-94.02474406,0,NO PRODUCT SPECIFIED,-,0,-
"CHESAPEAKE OPERATING, L.L.C.",C441,1464,BETHANY LONGSTREET,253081,HA RA SU98;ONEAL 8&17-14-16 HC,002-ALT,-,1,PERMITTED,-,-,-,1.70174E+13,10-Nov-21,10-Nov-21,-,10-Nov-21,5,14N,16W,W,9,CADDO,6,SHREVEPORT,335,32.22607619,-94.02467939,0,NO PRODUCT SPECIFIED,-,0,-
"CHESAPEAKE OPERATING, L.L.C.",C441,4780,JOHNSON BRANCH,253049,HA RA SUBB;WOO17&20&29-16-15HC,001-ALT,-,1,PERMITTED,-,-,-,1.70174E+13,22-Oct-21,22-Oct-21,-,22-Oct-21,17,16N,15W,W,9,CADDO,6,SHREVEPORT,234,32.38423945,-93.91915268,0,NO PRODUCT SPECIFIED,-,0,-
"CHESAPEAKE OPERATING, L.L.C.",C441,4780,JOHNSON BRANCH,253050,HA RA SUBB;WOO17&20&29-16-15HC,002-ALT,-,1,PERMITTED,-,-,-,1.70174E+13,22-Oct-21,22-Oct-21,-,22-Oct-21,17,16N,15W,W,9,CADDO,6,SHREVEPORT,234,32.3842376,-93.91907166,0,NO PRODUCT SPECIFIED,-,0,-
"CHESAPEAKE OPERATING, L.L.C.",C441,4780,JOHNSON BRANCH,253063,HA RA SUM;AT&N 12&1-15-16 HC,001-ALT,-,1,PERMITTED,-,-,-,1.70174E+13,28-Oct-21,28-Oct-21,-,28-Oct-21,12,15N,16W,W,9,CADDO,6,SHREVEPORT,308.9,32.30014994,-93.95818631,0,NO PRODUCT SPECIFIED,-,0,-
"CHESAPEAKE OPERATING, L.L.C.",C441,4780,JOHNSON BRANCH,253064,HA RA SUM;AT&N 12&1-15-16 HC,002-ALT,-,1,PERMITTED,-,-,-,1.70174E+13,28-Oct-21,28-Oct-21,-,28-Oct-21,12,15N,16W,W,9,CADDO,6,SHREVEPORT,308.2,32.30008123,-93.95818522,0,NO PRODUCT SPECIFIED,-,0,-
"CHESAPEAKE OPERATING, L.L.C.",C441,4780,JOHNSON BRANCH,253065,HA RA SUM;AT&N 12&1-15-16 HC,003-ALT,-,1,PERMITTED,-,-,-,1.70174E+13,28-Oct-21,28-Oct-21,-,28-Oct-21,12,15N,16W,W,9,CADDO,6,SHREVEPORT,307.6,32.30001251,-93.95818413,0,NO PRODUCT SPECIFIED,-,0,-
"CHESAPEAKE OPERATING, L.L.C.",C441,7644,REDOAK LAKE,252982,HA RA SUR;MONDELLO 51-33 HC,001-ALT,-,1,PERMITTED,-,-,-,1.70812E+13,1-Nov-21,17-Sep-21,-,17-Sep-21,28,11N,09W,W,41,RED RIVER,6,SHREVEPORT,129,31.91626646,-93.30096232,0,NO PRODUCT SPECIFIED,-,0,-
"CHESAPEAKE OPERATING, L.L.C.",C441,7644,REDOAK LAKE,252985,HA RA SUE;MONDELLO 29-32-5 HC,001-ALT,-,1,PERMITTED,-,-,-,1.70812E+13,1-Nov-21,17-Sep-21,-,17-Sep-21,28,11N,09W,W,41,RED RIVER,6,SHREVEPORT,129,31.91618399,-93.30096161,0,NO PRODUCT SPECIFIED,-,0,-
"CHESAPEAKE OPERATING, L.L.C.",C441,7651,RED RIVER-BULL BAYOU,253087,HA RA SUK;WANSLEY25&36-12-13HC,001-ALT,-,1,PERMITTED,-,-,-,1.70313E+13,16-Nov-21,16-Nov-21,-,16-Nov-21,25,12N,13W,W,16,DE SOTO,6,SHREVEPORT,0,32.00117764,-93.65684102,0,NO PRODUCT SPECIFIED,-,0,-
"CHESAPEAKE OPERATING, L.L.C.",C441,7651,RED RIVER-BULL BAYOU,253091,HA RA SUK;WANSLEY25&24-12-13HC,001-ALT,-,1,PERMITTED,-,-,-,1.70313E+13,16-Nov-21,16-Nov-21,-,16-Nov-21,25,12N,13W,W,16,DE SOTO,6,SHREVEPORT,326.1,32.00117705,-93.65690553,0,NO PRODUCT SPECIFIED,-,0,-
"CHESAPEAKE OPERATING, L.L.C.",C441,7651,RED RIVER-BULL BAYOU,253097,HA RA SUK;WANSLEY25&36-12-13HC,002-ALT,-,1,PERMITTED,-,-,-,1.70313E+13,18-Nov-21,18-Nov-21,-,18-Nov-21,25,12N,13W,W,16,DE SOTO,6,SHREVEPORT,0,32.00117548,-93.65677647,0,NO PRODUCT SPECIFIED,-,0,-
CLOVELLY OIL CO.  LLC,C388,9642,WEST LAKE PONTCHARTRAIN EAST BLK 41,253037,SL 4041,4,4041,1,PERMITTED,-,-,-,1.70892E+13,14-Oct-21,14-Oct-21,-,14-Oct-21,0,0,0,-,45,SAINT CHARLES,2,LAFAYETTE,0,30.05711762,-90.28476406,0,NO PRODUCT SPECIFIED,-,0,-
"COMSTOCK OIL & GAS--LA, LLC",C332,4160,GRAND CANE,253022,HA RA SUE;SUS FORESTS 14-11 HC,002-ALT,-,1,PERMITTED,-,-,-,1.70313E+13,5-Oct-21,5-Oct-21,-,5-Oct-21,23,12N,14W,W,16,DE SOTO,6,SHREVEPORT,315,32.0192518,-93.77940793,0,NO PRODUCT SPECIFIED,-,0,-
"COMSTOCK OIL & GAS--LA, LLC",C332,4160,GRAND CANE,253027,HA RA SUE;SUS FORESTS 14-11 HC,001-ALT,-,1,PERMITTED,-,-,-,1.70313E+13,12-Oct-21,12-Oct-21,-,12-Oct-21,23,12N,14W,W,16,DE SOTO,6,SHREVEPORT,314,32.01925115,-93.77947245,0,NO PRODUCT SPECIFIED,-,0,-
"COMSTOCK OIL & GAS--LA, LLC",C332,5096,LAKE BISTINEAU,253044,HA RA SUB;ROGERS 25-36 HC,001-ALT,-,1,PERMITTED,-,-,-,1.70132E+13,20-Oct-21,20-Oct-21,-,20-Oct-21,25,16N,10W,W,7,BIENVILLE,6,SHREVEPORT,248,32.35114484,-93.3529718,0,NO PRODUCT SPECIFIED,-,0,-
"COMSTOCK OIL & GAS--LA, LLC",C332,5096,LAKE BISTINEAU,253045,HA RA SUB;ROGERS 25-36 HC,002-ALT,-,1,PERMITTED,-,-,-,1.70132E+13,20-Oct-21,20-Oct-21,-,20-Oct-21,25,16N,10W,W,7,BIENVILLE,6,SHREVEPORT,246,32.35114441,-93.35303656,0,NO PRODUCT SPECIFIED,-,0,-
"COMSTOCK OIL & GAS--LA, LLC",C332,5096,LAKE BISTINEAU,253082,HA RA SUO;WEYCO 26&35-16-10 HC,001-ALT,-,1,PERMITTED,-,-,-,1.70132E+13,10-Nov-21,10-Nov-21,-,10-Nov-21,26,16N,10W,W,7,BIENVILLE,6,SHREVEPORT,235,32.34911465,-93.36463661,0,NO PRODUCT SPECIFIED,-,0,-
"COMSTOCK OIL & GAS--LA, LLC",C332,5096,LAKE BISTINEAU,253083,HA RA SUO;WEYCO 26&35-16-10 HC,002-ALT,-,1,PERMITTED,-,-,-,1.70132E+13,10-Nov-21,10-Nov-21,-,10-Nov-21,26,16N,10W,W,7,BIENVILLE,6,SHREVEPORT,235,32.34908131,-93.36468811,0,NO PRODUCT SPECIFIED,-,0,-
"COMSTOCK OIL & GAS--LA, LLC",C332,8575,SPIDER,252960,HA RA SUW;OLYMPIA MIN 28-33 HC,001-ALT,-,1,PERMITTED,-,-,-,1.70313E+13,27-Aug-21,27-Aug-21,-,27-Aug-21,28,12N,14W,W,16,DE SOTO,6,SHREVEPORT,300,32.00415703,-93.80690642,0,NO PRODUCT SPECIFIED,-,0,-
"COMSTOCK OIL & GAS--LA, LLC",C332,8575,SPIDER,252961,HA RA SUW;OLYMPIA MIN 28-33 HC,002-ALT,-,1,PERMITTED,-,-,-,1.70313E+13,27-Aug-21,27-Aug-21,-,27-Aug-21,28,12N,14W,W,16,DE SOTO,6,SHREVEPORT,300,32.00415912,-93.80697098,0,NO PRODUCT SPECIFIED,-,0,-
"COMSTOCK OIL & GAS--LA, LLC",C332,8996,TRENTON,253015,HA RA SUB;BEDSOLE 34-27 HC,001-ALT,-,1,PERMITTED,-,-,-,1.70313E+13,1-Oct-21,1-Oct-21,-,1-Oct-21,34,12N,13W,W,16,DE SOTO,6,SHREVEPORT,302,31.97805118,-93.68704068,0,NO PRODUCT SPECIFIED,-,0,-
"COMSTOCK OIL & GAS--LA, LLC",C332,8996,TRENTON,253016,HA RA SUB;BEDSOLE 34-27 HC,002-ALT,-,1,PERMITTED,-,-,-,1.70313E+13,1-Oct-21,1-Oct-21,-,1-Oct-21,34,12N,13W,W,16,DE SOTO,6,SHREVEPORT,302,31.97809483,-93.68707672,0,NO PRODUCT SPECIFIED,-,0,-
"COMSTOCK OIL & GAS--LA, LLC",C332,8996,TRENTON,253017,HA RA SUB;BEDSOLE 34-27 HC,003-ALT,-,1,PERMITTED,-,-,-,1.70313E+13,1-Oct-21,1-Oct-21,-,1-Oct-21,34,12N,13W,W,16,DE SOTO,6,SHREVEPORT,302,31.9781412,-93.68711602,0,NO PRODUCT SPECIFIED,-,0,-
"COMSTOCK OIL & GAS--LA, LLC",C332,9803,WOODARDVILLE,253095,HA RA SUGG;CONLY 2-35 HC,001-ALT,-,1,PERMITTED,-,-,-,1.70812E+13,17-Nov-21,17-Nov-21,-,17-Nov-21,2,14N,10W,W,41,RED RIVER,6,SHREVEPORT,240,32.22046633,-93.36518282,0,NO PRODUCT SPECIFIED,-,0,-
"COMSTOCK OIL & GAS--LA, LLC",C332,9803,WOODARDVILLE,253096,HA RA SUGG;CONLY 2-35 HC,002-ALT,-,1,PERMITTED,-,-,-,1.70812E+13,17-Nov-21,17-Nov-21,-,17-Nov-21,2,14N,10W,W,41,RED RIVER,6,SHREVEPORT,240,32.22123599,-93.36519004,0,NO PRODUCT SPECIFIED,-,0,-
CONTINENTAL RESOURCES INC.,C111,4382,"HADDENS, NORTH",253085,AUS C RA SUB;LABOKAY 20-17 H,1,-,1,PERMITTED,-,-,-,1.71152E+13,12-Nov-21,12-Nov-21,-,12-Nov-21,20,03N,11W,W,58,VERNON,6,SHREVEPORT,317,31.21908019,-93.51472795,0,NO PRODUCT SPECIFIED,-,0,-
CYPRESS OPERATING INC.,C047,9036,TURKEY CREEK,253062,HARPER,1,-,1,PERMITTED,-,-,-,1.70412E+13,29-Oct-21,29-Oct-21,-,29-Oct-21,11,15N,08E,W,21,FRANKLIN,5,MONROE,84.2,32.29366283,-91.62039406,0,NO PRODUCT SPECIFIED,-,0,-
"DAY DREAMS RESOURCES, LLC",D213,3668,ESPERANCE POINT,253048,HOGUE EP,5,-,1,PERMITTED,-,-,-,1.70292E+13,21-Oct-21,21-Oct-21,-,21-Oct-21,0,05N,09E,W,15,CONCORDIA,5,MONROE,50.6,31.36580223,-91.49729996,0,NO PRODUCT SPECIFIED,-,0,-
"DUNN EXPLORATION COMPANY, LLC",D218,1976,BRUSHY CREEK,253101,CF-WX RA SUB;BP AMERICA,3,-,1,PERMITTED,-,-,-,1.70112E+13,30-Nov-21,30-Nov-21,-,30-Nov-21,30,05S,12W,W,6,BEAUREGARD,2,LAFAYETTE,81,30.59816695,-93.63156132,0,NO PRODUCT SPECIFIED,-,0,-
"DUNN EXPLORATION COMPANY, LLC",D218,4811,KAPLAN,252956,THE GIFT LLC,11,-,31,SHUT-IN DRY HOLE -FUTURE UTILITY,-,-,-,1.71132E+13,27-Sep-21,24-Aug-21,3-Sep-21,27-Sep-21,18,12S,02E,W,57,VERMILION,2,LAFAYETTE,10.6,29.99851669,-92.30202649,0,NO PRODUCT SPECIFIED,-,0,-
"DUNN EXPLORATION COMPANY, LLC",D218,4811,KAPLAN,252983,TOWN OF KAPLAN,2,-,1,PERMITTED,-,-,-,1.71132E+13,11-Oct-21,17-Sep-21,-,17-Sep-21,18,12S,02E,W,57,VERMILION,2,LAFAYETTE,12.7,29.9980792,-92.29341944,0,NO PRODUCT SPECIFIED,-,0,-
"DUNN EXPLORATION COMPANY, LLC",D218,4811,KAPLAN,253018,THE GIFT LLC,12,-,1,PERMITTED,-,-,-,1.71132E+13,1-Oct-21,1-Oct-21,-,1-Oct-21,18,12S,02E,W,57,VERMILION,2,LAFAYETTE,10.7,30.00022634,-92.30176189,0,NO PRODUCT SPECIFIED,-,0,-
"DUNN EXPLORATION COMPANY, LLC",D218,4811,KAPLAN,253041,MARAIST FARMS I LLC ETAL,5,-,1,PERMITTED,-,-,-,1.71132E+13,20-Oct-21,20-Oct-21,-,20-Oct-21,19,12S,02E,W,57,VERMILION,2,LAFAYETTE,7.9,29.99084056,-92.29879925,0,NO PRODUCT SPECIFIED,-,0,-
"DUNN EXPLORATION COMPANY, LLC",D218,4811,KAPLAN,253042,MARAIST FARMS I LLC ETAL,6,-,1,PERMITTED,-,-,-,1.71132E+13,20-Oct-21,20-Oct-21,-,20-Oct-21,19,12S,02E,W,57,VERMILION,2,LAFAYETTE,7.1,29.98802465,-92.29766953,0,NO PRODUCT SPECIFIED,-,0,-
"DUNN EXPLORATION COMPANY, LLC",D218,4811,KAPLAN,253071,VUE;PRISCILLA MARCEAUX,1,-,1,PERMITTED,-,-,-,1.71132E+13,3-Nov-21,3-Nov-21,-,3-Nov-21,19,12S,02E,W,57,VERMILION,2,LAFAYETTE,6.6,29.98619699,-92.29564595,0,NO PRODUCT SPECIFIED,-,0,-
"EGH OPERATING, LLC",E5724,2152,CADDO PINE ISLAND,252928,ANKERSON,A-016,-,10,ACTIVE - PRODUCING,-,-,-,1.70174E+13,1-Oct-21,9-Aug-21,1-Sep-21,1-Oct-21,21,22N,15W,W,9,CADDO,6,SHREVEPORT,189.5,32.88346928,-93.926854,10,OIL,-,0,-
"EGH OPERATING, LLC",E5724,2152,CADDO PINE ISLAND,252929,ANKERSON,A-017,-,10,ACTIVE - PRODUCING,-,-,-,1.70174E+13,4-Oct-21,9-Aug-21,7-Sep-21,4-Oct-21,21,22N,15W,W,9,CADDO,6,SHREVEPORT,207.84,32.88343917,-93.92511086,10,OIL,-,0,-
"EGH OPERATING, LLC",E5724,2152,CADDO PINE ISLAND,252930,ANKERSON,A-018,-,10,ACTIVE - PRODUCING,-,-,-,1.70174E+13,1-Oct-21,9-Aug-21,9-Sep-21,1-Oct-21,21,22N,15W,W,9,CADDO,6,SHREVEPORT,197.2,32.88267776,-93.92586121,10,OIL,-,0,-
"EGH OPERATING, LLC",E5724,2152,CADDO PINE ISLAND,253086,ANKERSON,A-019,-,31,SHUT-IN DRY HOLE -FUTURE UTILITY,-,-,-,1.70174E+13,18-Nov-21,15-Nov-21,16-Nov-21,18-Nov-21,21,22N,15W,W,9,CADDO,6,SHREVEPORT,194.94,32.8824614,-93.9262878,0,NO PRODUCT SPECIFIED,-,0,-
"EGH OPERATING, LLC",E5724,2152,CADDO PINE ISLAND,253088,ANKERSON,A-020,-,31,SHUT-IN DRY HOLE -FUTURE UTILITY,-,-,-,1.70174E+13,22-Nov-21,16-Nov-21,18-Nov-21,22-Nov-21,21,22N,15W,W,9,CADDO,6,SHREVEPORT,198.2,32.88207426,-93.9265,0,NO PRODUCT SPECIFIED,-,0,-
"EGH OPERATING, LLC",E5724,2152,CADDO PINE ISLAND,253089,ANKERSON,A-021,-,1,PERMITTED,-,-,-,1.70174E+13,16-Nov-21,16-Nov-21,-,16-Nov-21,21,22N,15W,W,9,CADDO,6,SHREVEPORT,203.15,32.88206457,-93.92588748,0,NO PRODUCT SPECIFIED,-,0,-
"EGH OPERATING, LLC",E5724,2152,CADDO PINE ISLAND,253090,ANKERSON,A-022,-,1,PERMITTED,-,-,-,1.70174E+13,16-Nov-21,16-Nov-21,-,16-Nov-21,21,22N,15W,W,9,CADDO,6,SHREVEPORT,203.94,32.88223053,-93.92504969,0,NO PRODUCT SPECIFIED,-,0,-
"EGH OPERATING, LLC",E5724,2152,CADDO PINE ISLAND,975867,ANKERSON SWD,1,-,2,APPROVAL TO CONSTRUCT INJECTION WELL,II,5,PRODUCED SALT WATER,1.70179E+13,27-Oct-21,27-Oct-21,-,27-Oct-21,21,22N,15W,W,9,CADDO,6,SHREVEPORT,0,32.88190468,-93.92543548,0,NO PRODUCT SPECIFIED,-,270,AREA USDW PER SN 169250 PER SAMANTHAR 9/9/2021
"EGH OPERATING, LLC",E5724,2152,CADDO PINE ISLAND,975869,ANKERSON SWD,2,-,2,APPROVAL TO CONSTRUCT INJECTION WELL,II,5,PRODUCED SALT WATER,1.70179E+13,10-Nov-21,10-Nov-21,-,10-Nov-21,21,22N,15W,W,9,CADDO,6,SHREVEPORT,208.9,32.88416663,-93.93062712,0,NO PRODUCT SPECIFIED,-,275,AREA USDW PER SN 190635 PER SAMANTHAR 9/9/2021
"EMPRESA OPERATING, LLC",E6963,1448,BENTON,252984,CV RA SUE;BEAUREGARD 24-14 HC,1,-,1,PERMITTED,-,-,-,1.70153E+13,17-Sep-21,17-Sep-21,-,17-Sep-21,24,20N,13W,W,8,BOSSIER,6,SHREVEPORT,226.41,32.71165289,-93.665604,0,NO PRODUCT SPECIFIED,-,0,-
"ENSIGHT IV ENERGY MANAGEMENT, LLC",E4161,3608,ELM GROVE,253020,HA RA SU144;SNYDER 31H,003-ALT,-,1,PERMITTED,-,-,-,1.70153E+13,4-Oct-21,4-Oct-21,-,4-Oct-21,31,16N,11W,W,8,BOSSIER,6,SHREVEPORT,149,32.33649614,-93.54352164,0,NO PRODUCT SPECIFIED,-,0,-
"ENSIGHT IV ENERGY MANAGEMENT, LLC",E4161,3608,ELM GROVE,253021,HA RA SU144;SNYDER 31H,004-ALT,-,1,PERMITTED,-,-,-,1.70153E+13,4-Oct-21,4-Oct-21,-,4-Oct-21,31,16N,11W,W,8,BOSSIER,6,SHREVEPORT,149,32.33649667,-93.54345689,0,NO PRODUCT SPECIFIED,-,0,-
"ENSIGHT IV ENERGY MANAGEMENT, LLC",E4161,8358,SLIGO,252979,LCV RA SUL;ROY 7 H,001-ALT,-,1,PERMITTED,-,-,-,1.70153E+13,16-Sep-21,16-Sep-21,-,16-Sep-21,18,17N,11W,W,8,BOSSIER,6,SHREVEPORT,199,32.467575,-93.54331371,0,NO PRODUCT SPECIFIED,-,0,-
"ENSIGHT IV ENERGY MANAGEMENT, LLC",E4161,8358,SLIGO,252980,HA RA SU71;CHANDLER 6-7 H,002-ALT,-,1,PERMITTED,-,-,-,1.70153E+13,16-Sep-21,16-Sep-21,-,16-Sep-21,32,18N,11W,W,8,BOSSIER,6,SHREVEPORT,228,32.50110255,-93.53173502,0,NO PRODUCT SPECIFIED,-,0,-
"ENSIGHT IV ENERGY MANAGEMENT, LLC",E4161,8358,SLIGO,252981,HA RA SU71;CHANDLER 6-7 H,003-ALT,-,1,PERMITTED,-,-,-,1.70153E+13,16-Sep-21,16-Sep-21,-,16-Sep-21,32,18N,11W,W,8,BOSSIER,6,SHREVEPORT,228,32.50115752,-93.53173563,0,NO PRODUCT SPECIFIED,-,0,-
"EXCALIBUR OPERATING, LLC",E2580,8655,ST MARTINVILLE,253074,SMEDES BROS,24,-,1,PERMITTED,-,-,-,1.70992E+13,4-Nov-21,4-Nov-21,-,4-Nov-21,57,11S,06E,W,50,SAINT MARTIN,2,LAFAYETTE,8,30.11349992,-91.85560915,0,NO PRODUCT SPECIFIED,-,0,-
"EXCO OPERATING COMPANY, LP",E183,2360,CASPIANA,253094,HA RA SU104;AMSOUTH TR FD LLC5,002-ALT,-,1,PERMITTED,-,-,-,1.70313E+13,16-Nov-21,16-Nov-21,-,16-Nov-21,5,13N,12W,W,16,DE SOTO,6,SHREVEPORT,190.2,32.13709195,-93.61210022,0,NO PRODUCT SPECIFIED,-,0,-
"EXCO OPERATING COMPANY, LP",E183,4906,KINGSTON,252992,HA RA SUV;KILLIAN 7-6 HC,001-ALT,-,1,PERMITTED,-,-,-,1.70313E+13,22-Sep-21,22-Sep-21,-,22-Sep-21,18,14N,13W,W,16,DE SOTO,6,SHREVEPORT,213.2,32.20481581,-93.743327,0,NO PRODUCT SPECIFIED,-,0,-
"EXCO OPERATING COMPANY, LP",E183,4906,KINGSTON,252993,HA RA SUV;KILLIAN 7-6 HC,002-ALT,-,1,PERMITTED,-,-,-,1.70313E+13,22-Sep-21,22-Sep-21,-,22-Sep-21,18,14N,13W,W,16,DE SOTO,6,SHREVEPORT,213.8,32.20495324,-93.74332885,0,NO PRODUCT SPECIFIED,-,0,-
"EXCO OPERATING COMPANY, LP",E183,4906,KINGSTON,252994,HA RA SUV;BRAZZEL 7-6 HC,001-ALT,-,1,PERMITTED,-,-,-,1.70313E+13,22-Sep-21,22-Sep-21,-,22-Sep-21,18,14N,13W,W,16,DE SOTO,6,SHREVEPORT,194.9,32.20854267,-93.7354974,0,NO PRODUCT SPECIFIED,-,0,-
"EXCO OPERATING COMPANY, LP",E183,6220,LONGWOOD,253098,HA RA SULL;MULLIN 10-3 H,1,-,1,PERMITTED,-,-,-,1.70174E+13,22-Nov-21,22-Nov-21,-,22-Nov-21,15,18N,16W,W,9,CADDO,6,SHREVEPORT,216.2,32.55847064,-93.98591125,0,NO PRODUCT SPECIFIED,-,0,-
"FLATWATER ENERGY, LLC",F8506,7898,SARDINE POINT,252986,9750 VUA;GIANELLONI-FERRO,1,-,10,ACTIVE - PRODUCING,-,-,-,1.7033E+13,19-Nov-21,17-Sep-21,16-Oct-21,19-Nov-21,45,08S,01E,E,17,EAST BATON ROUGE,2,LAFAYETTE,23,30.33268788,-91.13621038,20,GAS,-,0,-
"FONTAINEBLEAU OPERATING, LLC",F2880,9056,UNIONVILLE,253023,CV DAVIS RA SUWW;RCLK 34,1,-,1,PERMITTED,-,-,-,1.71113E+13,6-Oct-21,6-Oct-21,-,6-Oct-21,34,20N,01W,W,56,UNION,6,SHREVEPORT,154.8,32.68430455,-92.46140194,0,NO PRODUCT SPECIFIED,-,0,-
"FORDOCHE OPERATING COMPANY, LLC",F139,3913,FORDOCHE,253047,JO LONG ETAL,13,-,1,PERMITTED,-,-,-,1.70772E+13,20-Oct-21,20-Oct-21,-,20-Oct-21,29,06S,08E,W,39,POINTE COUPEE,2,LAFAYETTE,21,30.56628008,-91.62509179,0,NO PRODUCT SPECIFIED,-,0,-
"FORT APACHE ENERGY, INC.",F141,6840,MONTEGUT,253043,TEX W-CRIS I RA SUA;TPSB,1,-,1,PERMITTED,-,-,-,1.70572E+13,20-Oct-21,20-Oct-21,-,20-Oct-21,6,19S,20E,W,29,LAFOURCHE,2,LAFAYETTE,0.3,29.4575973,-90.47653184,0,NO PRODUCT SPECIFIED,-,0,-
"FORT APACHE ENERGY, INC.",F141,6840,MONTEGUT,253053,EXXON MOBIL CORP,1,-,1,PERMITTED,-,-,-,1.70572E+13,25-Oct-21,25-Oct-21,-,25-Oct-21,6,19S,20E,W,29,LAFOURCHE,2,LAFAYETTE,0.3,29.45755291,-90.47647252,0,NO PRODUCT SPECIFIED,-,0,-
"GEOTERRE OPERATING, L.L.C.",G6643,708,BAYOU DES LANCE,252963,BLACKSTONE MINERALS 20,3,-,1,PERMITTED,-,-,-,1.70092E+13,7-Sep-21,7-Sep-21,-,7-Sep-21,20,02N,06E,W,5,AVOYELLES,5,MONROE,47.4,31.136632,-91.87483842,0,NO PRODUCT SPECIFIED,-,0,-
"GEP HAYNESVILLE II, LLC",G8906,7405,PLEASANT HILL,253033,INDIGO MIN 22-15 HC,1,-,1,PERMITTED,-,-,-,1.70852E+13,12-Oct-21,12-Oct-21,-,12-Oct-21,27,10N,12W,W,43,SABINE,6,SHREVEPORT,341,31.82982802,-93.58032952,0,NO PRODUCT SPECIFIED,-,0,-
"GEP HAYNESVILLE II, LLC",G8906,7405,PLEASANT HILL,253034,HA RA SUQ;INDIGO MIN 27-34 HC,001-ALT,-,1,PERMITTED,-,-,-,1.70852E+13,12-Oct-21,12-Oct-21,-,12-Oct-21,27,10N,12W,W,43,SABINE,6,SHREVEPORT,341,31.829883,-93.58033016,0,NO PRODUCT SPECIFIED,-,0,-
"GEP HAYNESVILLE II, LLC",G8906,8575,SPIDER,253031,EISWERTH 17-8 HC,1,-,1,PERMITTED,-,-,-,1.70313E+13,12-Oct-21,12-Oct-21,-,12-Oct-21,17,11N,13W,W,16,DE SOTO,6,SHREVEPORT,317,31.93365848,-93.72604293,0,NO PRODUCT SPECIFIED,-,0,-
"GEP HAYNESVILLE II, LLC",G8906,8575,SPIDER,253032,EISWERTH 17-8 HC,2,-,1,PERMITTED,-,-,-,1.70313E+13,12-Oct-21,12-Oct-21,-,12-Oct-21,17,11N,13W,W,16,DE SOTO,6,SHREVEPORT,317,31.9336591,-93.72597846,0,NO PRODUCT SPECIFIED,-,0,-
"GEP HAYNESVILLE, LLC",G2380,1968,TEN MILE BAYOU,252988,JUR RA SUB;MARY G 21-28 HC,1,-,1,PERMITTED,-,-,-,1.70313E+13,21-Sep-21,21-Sep-21,-,21-Sep-21,16,11N,12W,W,16,DE SOTO,6,SHREVEPORT,302,31.93387307,-93.60795785,0,NO PRODUCT SPECIFIED,-,0,-
"GEP HAYNESVILLE, LLC",G2380,1968,TEN MILE BAYOU,252989,JUR RA SUB;MARY G 21-28 HC,002-ALT,-,1,PERMITTED,-,-,-,1.70313E+13,21-Sep-21,21-Sep-21,-,21-Sep-21,16,11N,12W,W,16,DE SOTO,6,SHREVEPORT,293,31.93489016,-93.60797004,0,NO PRODUCT SPECIFIED,-,0,-
"GEP HAYNESVILLE, LLC",G2380,1968,TEN MILE BAYOU,252990,JUR RA SUB;MARY G 21-28 HC,003-ALT,-,1,PERMITTED,-,-,-,1.70313E+13,21-Sep-21,21-Sep-21,-,21-Sep-21,16,11N,12W,W,16,DE SOTO,6,SHREVEPORT,293,31.93489086,-93.60788945,0,NO PRODUCT SPECIFIED,-,0,-
"GEP HAYNESVILLE, LLC",G2380,1968,TEN MILE BAYOU,252991,JUR RA SUB;MARY G 21-28 HC,004-ALT,-,1,PERMITTED,-,-,-,1.70313E+13,21-Sep-21,21-Sep-21,-,21-Sep-21,16,11N,12W,W,16,DE SOTO,6,SHREVEPORT,302,31.93387377,-93.60787726,0,NO PRODUCT SPECIFIED,-,0,-
"GEP HAYNESVILLE, LLC",G2380,9803,WOODARDVILLE,252999,HA RA SU58;JIMMY GAY 16-9 HC,001-ALT,-,1,PERMITTED,-,-,-,1.70812E+13,27-Sep-21,27-Sep-21,-,27-Sep-21,16,14N,10W,W,41,RED RIVER,6,SHREVEPORT,213,32.19347437,-93.39144493,0,NO PRODUCT SPECIFIED,-,0,-
"GEP HAYNESVILLE, LLC",G2380,9803,WOODARDVILLE,253000,HA RA SU58;JIMMY GAY 16-9 HC,002-ALT,-,1,PERMITTED,-,-,-,1.70812E+13,27-Sep-21,27-Sep-21,-,27-Sep-21,16,14N,10W,W,41,RED RIVER,6,SHREVEPORT,213,32.19354309,-93.39144559,0,NO PRODUCT SPECIFIED,-,0,-
"GEP HAYNESVILLE, LLC",G2380,9803,WOODARDVILLE,253004,HA RA SUAA;ROW PROP 9-16 HC,001-ALT,-,1,PERMITTED,-,-,-,1.70812E+13,28-Sep-21,28-Sep-21,-,28-Sep-21,9,14N,10W,W,41,RED RIVER,6,SHREVEPORT,210,32.21621851,-93.40021126,0,NO PRODUCT SPECIFIED,-,0,-
"GEP HAYNESVILLE, LLC",G2380,9803,WOODARDVILLE,253005,HA RA SUAA;ROW PROP 9-16 HC,002-ALT,-,1,PERMITTED,-,-,-,1.70812E+13,28-Sep-21,28-Sep-21,-,28-Sep-21,9,14N,10W,W,41,RED RIVER,6,SHREVEPORT,210,32.2161664,-93.40019458,0,NO PRODUCT SPECIFIED,-,0,-
"GLADNEY ENERGY PARTNERS, LLC",G920,5780,LAMAR,253076,TUSC A VUA;CHAPMAN,3,-,1,PERMITTED,-,-,-,1.70412E+13,8-Nov-21,8-Nov-21,-,8-Nov-21,36,16N,08E,W,21,FRANKLIN,5,MONROE,84.43,32.32661276,-91.60016514,0,NO PRODUCT SPECIFIED,-,0,-
GOODRICH PETROLEUM COMPANY,G104,4313,GREENWOOD-WASKOM,253066,HA RA SU137;LAZARD 12&1&36 HC,1,-,1,PERMITTED,-,-,-,1.70174E+13,1-Nov-21,1-Nov-21,-,1-Nov-21,12,17N,15W,W,9,CADDO,6,SHREVEPORT,226.6,32.4730269,-93.85482492,0,NO PRODUCT SPECIFIED,-,0,-
"GRIT OPERATING, L.L.C.",G6763,7130,OLLA,253013,WX E1 RA SU61;MILLS,016-ALT,-,10,ACTIVE - PRODUCING,-,-,-,1.70593E+13,22-Oct-21,29-Sep-21,8-Oct-21,22-Oct-21,33,10N,02E,W,30,LASALLE,5,MONROE,124.5,31.79799258,-92.27870372,10,OIL,-,0,-
HALE OIL CO.,2388,2152,CADDO PINE ISLAND,253038,MRS A M ALLEN ETAL A,12,-,1,PERMITTED,-,-,-,1.70174E+13,14-Oct-21,14-Oct-21,-,14-Oct-21,23,22N,15W,W,9,CADDO,6,SHREVEPORT,237.71,32.8886872,-93.88912554,0,NO PRODUCT SPECIFIED,-,0,-
"HELIS OIL & GAS COMPANY, LLC",H172,1600,"BLACK BAY, NORTH",253084,SL 195 QQ,104,195,1,PERMITTED,-,-,-,1.70752E+13,12-Nov-21,12-Nov-21,-,12-Nov-21,28,16S,16E,-,38,PLAQUEMINES,2,LAFAYETTE,0,29.63621686,-89.58710252,0,NO PRODUCT SPECIFIED,-,0,-
"HELIS OIL & GAS COMPANY, LLC",H172,1608,"BLACK BAY, SOUTHEAST",252944,SL 195 QQ,48,195,1,PERMITTED,-,-,-,1.70752E+13,19-Aug-21,19-Aug-21,-,19-Aug-21,0,0,0,-,38,PLAQUEMINES,2,LAFAYETTE,0,29.52920387,-89.47750954,0,NO PRODUCT SPECIFIED,-,0,-
"HELIS OIL & GAS COMPANY, LLC",H172,1608,"BLACK BAY, SOUTHEAST",252945,SL 195 QQ,49,195,1,PERMITTED,-,-,-,1.70752E+13,19-Aug-21,19-Aug-21,-,19-Aug-21,0,0,0,-,38,PLAQUEMINES,2,LAFAYETTE,0,29.52927623,-89.47021214,0,NO PRODUCT SPECIFIED,-,0,-
HILCORP ENERGY COMPANY,H032,9605,WEST DELTA BLOCK 83,253019,STEVE D'ASARO ETAL,2,-,1,PERMITTED,-,-,-,1.77192E+13,1-Oct-21,1-Oct-21,-,1-Oct-21,47,24S,31E,-,38,PLAQUEMINES,2,LAFAYETTE,0,28.99100508,-89.35468518,0,NO PRODUCT SPECIFIED,-,0,-
"JUSTISS OIL COMPANY, INC.",3174,9715,WILDCAT-NO LA SHREVEPORT DIST,253006,ZAP MINERALS AT,1,-,1,PERMITTED,-,-,-,1.70852E+13,28-Sep-21,28-Sep-21,-,28-Sep-21,24,04N,11W,W,43,SABINE,6,SHREVEPORT,272,31.31514541,-93.45133951,0,NO PRODUCT SPECIFIED,-,0,-
KEY OPERATING COMPANY,K036,9273,WASHINGTON,252958,THISCO PARTNERSHIP,8,-,1,PERMITTED,-,-,-,1.70972E+13,26-Aug-21,26-Aug-21,-,26-Aug-21,60,04S,04E,-,49,SAINT LANDRY,2,LAFAYETTE,28,30.68046048,-92.01350775,0,NO PRODUCT SPECIFIED,-,0,-
"LAFAYETTE OILFIELD CONTRACTORS, INC.",L7866,2976,COWARDS GULLY,252987,F RB SUA;RICHARD COOLEY,002-ALT,-,1,PERMITTED,-,-,-,1.70112E+13,20-Sep-21,20-Sep-21,-,20-Sep-21,9,07S,11W,W,6,BEAUREGARD,2,LAFAYETTE,77,30.46490628,-93.49313433,0,NO PRODUCT SPECIFIED,-,0,-
"LLOX, L.L.C.",L250,5122,"LAKE BOEUF, SOUTHWEST",253102,ROBU L RC SUA;TOUPS JR ETAL,1,-,1,PERMITTED,-,-,-,1.70572E+13,30-Nov-21,30-Nov-21,-,30-Nov-21,49,15S,17E,W,29,LAFOURCHE,2,LAFAYETTE,3,29.76239792,-90.72071516,0,NO PRODUCT SPECIFIED,-,0,-
"MAXIMUS OPERATING, LTD.",M304,2360,CASPIANA,253024,PET RA SU97;BRANCH RANCH 5,1,-,1,PERMITTED,-,-,-,1.70313E+13,7-Oct-21,7-Oct-21,-,7-Oct-21,5,13N,12W,W,16,DE SOTO,6,SHREVEPORT,155,32.14943367,-93.62232736,0,NO PRODUCT SPECIFIED,-,0,-
"MCCORMICK PRODUCTION COMPANY, INC.",M335,2152,CADDO PINE ISLAND,252957,CAPI VIV RA SU;WILLIAMS,7,-,1,PERMITTED,-,-,-,1.70174E+13,24-Aug-21,24-Aug-21,-,24-Aug-21,24,22N,16W,W,9,CADDO,6,SHREVEPORT,265.2,32.88955085,-93.97532351,0,NO PRODUCT SPECIFIED,-,0,-
"MCCORMICK PRODUCTION COMPANY, INC.",M335,2936,COTTAGE GROVE,975870,M&M ENERGY SWD,1,-,2,APPROVAL TO CONSTRUCT INJECTION WELL,II,5,PRODUCED SALT WATER,1.70159E+13,10-Nov-21,10-Nov-21,-,10-Nov-21,30,21N,13W,W,8,BOSSIER,6,SHREVEPORT,228.49,32.78695323,-93.75624752,0,NO PRODUCT SPECIFIED,-,490,AREA USDW PER SN 56170 PER SAMANTHAR 10/12/2021
MORANSCO ENERGY CORPORATION,M191,8254,SHREVEPORT,253069,HOLMES ETAL,1,-,1,PERMITTED,-,-,-,1.70172E+13,2-Nov-21,2-Nov-21,-,2-Nov-21,34,18N,14W,W,9,CADDO,6,SHREVEPORT,167.5,32.51308564,-93.78559812,0,NO PRODUCT SPECIFIED,-,0,-
"NUGULF OPERATING, L.L.C.",N5043,6236,LOTTIE,253025,A WILBERTS SONS LLC,1,-,1,PERMITTED,-,-,-,1.70772E+13,7-Oct-21,7-Oct-21,-,7-Oct-21,34,06S,07E,W,39,POINTE COUPEE,2,LAFAYETTE,0,30.55977729,-91.72262142,0,NO PRODUCT SPECIFIED,-,0,-
"PAGE DEVELOPMENT, L.L.C.",P239,6076,LITTLE CREEK,253075,PETRO HUNT LC,6,-,1,PERMITTED,-,-,-,1.70593E+13,8-Nov-21,8-Nov-21,-,8-Nov-21,30,09N,02E,W,30,LASALLE,5,MONROE,132,31.72592862,-92.30240289,0,NO PRODUCT SPECIFIED,-,0,-
"PAGE DEVELOPMENT, L.L.C.",P239,6076,LITTLE CREEK,975866,PETRO HUNT LC SWD,1,-,2,APPROVAL TO CONSTRUCT INJECTION WELL,II,5,PRODUCED SALT WATER,1.70599E+13,7-Oct-21,7-Oct-21,-,7-Oct-21,30,09N,02E,W,30,LASALLE,5,MONROE,0,31.72543318,-92.30026184,0,NO PRODUCT SPECIFIED,-,212,AREA USDW ABOVE S.C. SHOE AT 212 PER SN 26506 (~388' AWAY)
PAN-OK PRODUCTION COMPANY,5153,7513,PORT ALLEN,253008,A WILBERTS SONS LLC,3,-,1,PERMITTED,-,-,-,1.71212E+13,28-Sep-21,28-Sep-21,-,28-Sep-21,26,07S,11E,W,61,WEST BATON ROUGE,2,LAFAYETTE,10,30.42726111,-91.32907969,0,NO PRODUCT SPECIFIED,-,0,-
"PAY VENTURES, L.L.C.",P241,4691,IBERIA,253073,BERNARD ETAL,3,-,1,PERMITTED,-,-,-,1.70452E+13,4-Nov-21,4-Nov-21,-,4-Nov-21,54,12S,07E,W,23,IBERIA,2,LAFAYETTE,5,29.98191482,-91.71185846,0,NO PRODUCT SPECIFIED,-,0,-
"PETRO-CHEM OPERATING COMPANY, INC.",P289,2360,CASPIANA,253068,PET RA SU99;RAWLS,1,-,1,PERMITTED,-,-,-,1.70313E+13,1-Nov-21,1-Nov-21,-,1-Nov-21,9,13N,12W,W,16,DE SOTO,6,SHREVEPORT,173.15,32.13454714,-93.60250968,0,NO PRODUCT SPECIFIED,-,0,-
"PIE LA OPERATING, LLC",P344,250,BANNISTER,253046,MINERAL RESOURCES DEV H,1,-,1,PERMITTED,-,-,-,1.70112E+13,20-Oct-21,20-Oct-21,-,20-Oct-21,27,04S,09W,W,6,BEAUREGARD,2,LAFAYETTE,153.8,30.68044582,-93.26891836,0,NO PRODUCT SPECIFIED,-,0,-
PINE PRAIRIE ENERGY CENTER LLC,P245,7381,PINE PRAIRIE,975852,PP-CW,6,-,2,APPROVAL TO CONSTRUCT INJECTION WELL,III,12-B,BRINE SOLUTION MINING,1.70399E+13,12-Aug-21,12-Aug-21,-,12-Aug-21,35,03S,01W,W,20,EVANGELINE,2,LAFAYETTE,100,30.74865209,-92.45337564,0,NO PRODUCT SPECIFIED,-,252,AREA VALUE FROM E-LOG OF SN 40814 PER H BORDEN 10/24/2013
PINE PRAIRIE ENERGY CENTER LLC,P245,7381,PINE PRAIRIE,975853,PP-CW,7,-,2,APPROVAL TO CONSTRUCT INJECTION WELL,III,12-B,BRINE SOLUTION MINING,1.70399E+13,12-Aug-21,12-Aug-21,-,12-Aug-21,35,03S,01W,W,20,EVANGELINE,2,LAFAYETTE,90,30.75029201,-92.44996568,0,NO PRODUCT SPECIFIED,-,252,SN 973317 PER CRYSTALD
"PRESIDIO OIL & GAS, INC.",P320,2592,CHENEYVILLE,252924,S CONRAD WEIL JR ETAL,16,-,1,PERMITTED,-,-,-,1.70792E+13,5-Aug-21,5-Aug-21,-,5-Aug-21,53,01S,02E,W,40,RAPIDES,2,LAFAYETTE,57.6,30.98181268,-92.24926946,0,NO PRODUCT SPECIFIED,-,0,-
"RABB CONTRACTING COMPANY, L.L.C.",R181,5200,LAKE CURRY,252996,HAYNER,1,-,1,PERMITTED,-,-,-,1.70292E+13,23-Sep-21,23-Sep-21,-,23-Sep-21,22,04N,06E,W,15,CONCORDIA,5,MONROE,47,31.31083177,-91.84017018,0,NO PRODUCT SPECIFIED,-,0,-
"ROBERTSON ENERGY, LLC",R249,4961,LACASSINE,253072,HBY RD SUA;JATKY LP,1,-,1,PERMITTED,-,-,-,1.70532E+13,3-Nov-21,3-Nov-21,-,3-Nov-21,35,09S,06W,W,27,JEFFERSON DAVIS,2,LAFAYETTE,16.5,30.21755614,-92.9562764,0,NO PRODUCT SPECIFIED,-,0,-
"ROOSTER PRODUCTION, LLC",R229,3360,DIXIE,253077,ADGER,21,-,1,PERMITTED,-,-,-,1.70174E+13,10-Nov-21,10-Nov-21,-,10-Nov-21,11,19N,14W,W,9,CADDO,6,SHREVEPORT,168.6,32.64771774,-93.77024359,0,NO PRODUCT SPECIFIED,-,0,-
"SEAGULL OPERATING CO., INC.",5328,9011,TROUT CREEK,990499,GRAY HEIRS,2,-,31,SHUT-IN DRY HOLE -FUTURE UTILITY,-,-,-,0,22-Nov-21,22-Nov-21,-,23-Aug-21,30,08N,03E,W,30,LASALLE,5,MONROE,0,31.64263844,-92.21081851,0,NO PRODUCT SPECIFIED,-,0,-
"SUGAR CREEK PRODUCING COMPANY, LLC",S406,8743,SUGAR CREEK,253040,CV RA SUP;FORD 18,1,-,1,PERMITTED,-,-,-,1.70272E+13,18-Oct-21,18-Oct-21,-,18-Oct-21,18,19N,05W,W,14,CLAIBORNE,6,SHREVEPORT,351,32.6316278,-92.92378621,0,NO PRODUCT SPECIFIED,-,0,-
"SUN LOUISIANA, LLC",S8746,1864,BRETON SOUND BLOCK 1,252925,SL 21754,1,21754,1,PERMITTED,-,-,-,1.77262E+13,6-Aug-21,6-Aug-21,-,6-Aug-21,0,0,0,E,44,SAINT BERNARD,2,LAFAYETTE,0,29.67641533,-89.3133457,0,NO PRODUCT SPECIFIED,-,0,-
"SWN PRODUCTION (LOUISIANA), LLC",S9226,1464,BETHANY LONGSTREET,252946,HA RA SUDD;BGLY 28&21-14-16 HC,001-ALT,-,1,PERMITTED,-,-,-,1.70313E+13,1-Sep-21,19-Aug-21,-,19-Aug-21,28,14N,16W,W,16,DE SOTO,6,SHREVEPORT,267,32.1686124,-94.01205852,0,NO PRODUCT SPECIFIED,-,0,-
"SWN PRODUCTION (LOUISIANA), LLC",S9226,1464,BETHANY LONGSTREET,252947,HA RA SUDD;BGLY 28&21-14-16 HC,002-ALT,-,1,PERMITTED,-,-,-,1.70313E+13,1-Sep-21,19-Aug-21,-,19-Aug-21,28,14N,16W,W,16,DE SOTO,6,SHREVEPORT,267,32.1686949,-94.01205664,0,NO PRODUCT SPECIFIED,-,0,-
"SWN PRODUCTION (LOUISIANA), LLC",S9226,1464,BETHANY LONGSTREET,252948,HA RA SUDD;BGLY 28&21-14-16 HC,003-ALT,-,1,PERMITTED,-,-,-,1.70313E+13,1-Sep-21,19-Aug-21,-,19-Aug-21,28,14N,16W,W,16,DE SOTO,6,SHREVEPORT,267,32.16877736,-94.01205799,0,NO PRODUCT SPECIFIED,-,0,-
"SWN PRODUCTION (LOUISIANA), LLC",S9226,7644,REDOAK LAKE,252941,HA RA SUSS;LGR 22&15&10-11-9HC,1,-,1,PERMITTED,-,-,-,1.70812E+13,1-Sep-21,17-Aug-21,-,17-Aug-21,51,11N,09W,W,41,RED RIVER,6,SHREVEPORT,126,31.9141229,-93.29160987,0,NO PRODUCT SPECIFIED,-,0,-
"SWN PRODUCTION (LOUISIANA), LLC",S9226,7644,REDOAK LAKE,252942,HA RA SUSS;LGR 22&15&10-11-9HC,002-ALT,-,1,PERMITTED,-,-,-,1.70812E+13,1-Sep-21,17-Aug-21,-,17-Aug-21,51,11N,09W,W,41,RED RIVER,6,SHREVEPORT,126,31.91419468,-93.29156214,0,NO PRODUCT SPECIFIED,-,0,-
TELLURIAN OPERATING LLC,T4843,7651,RED RIVER-BULL BAYOU,253078,HA RB SU90;NRG 29-12-10 H,003-ALT,-,1,PERMITTED,-,-,-,1.70812E+13,10-Nov-21,10-Nov-21,-,10-Nov-21,29,12N,10W,W,41,RED RIVER,6,SHREVEPORT,129.7,31.99158901,-93.42102595,0,NO PRODUCT SPECIFIED,-,0,-
TELLURIAN OPERATING LLC,T4843,7651,RED RIVER-BULL BAYOU,253079,HA RB SU90;NRG 29-12-10 H,004-ALT,-,1,PERMITTED,-,-,-,1.70812E+13,10-Nov-21,10-Nov-21,-,10-Nov-21,29,12N,10W,W,41,RED RIVER,6,SHREVEPORT,129.7,31.99158843,-93.42110658,0,NO PRODUCT SPECIFIED,-,0,-
"TRINITY OPERATING (USG), LLC",T4080,4313,GREENWOOD-WASKOM,252935,HA RA SU121;BLOUNT 15-22 H,001-ALT,-,1,PERMITTED,-,-,-,1.70174E+13,11-Aug-21,11-Aug-21,-,11-Aug-21,14,18N,15W,W,9,CADDO,6,SHREVEPORT,205,32.55687529,-93.8794314,0,NO PRODUCT SPECIFIED,-,0,-
"TRINITY OPERATING (USG), LLC",T4080,4313,GREENWOOD-WASKOM,252936,HA RA SU121;BLOUNT 15-22 H,002-ALT,-,1,PERMITTED,-,-,-,1.70174E+13,11-Aug-21,11-Aug-21,-,11-Aug-21,14,18N,15W,W,9,CADDO,6,SHREVEPORT,205,32.55687716,-93.87951257,0,NO PRODUCT SPECIFIED,-,0,-
"TRINITY OPERATING (USG), LLC",T4080,4313,GREENWOOD-WASKOM,252943,HA RA SU132;HEROLD 23-14 H,1,-,1,PERMITTED,-,-,-,1.70174E+13,19-Aug-21,19-Aug-21,-,19-Aug-21,26,18N,16W,W,9,CADDO,6,SHREVEPORT,212,32.52838346,-93.97985654,0,NO PRODUCT SPECIFIED,-,0,-
"TRINITY OPERATING (USG), LLC",T4080,4313,GREENWOOD-WASKOM,252964,HA RA SU134;BELLEVUE 11-14 H,1,-,1,PERMITTED,-,-,-,1.70174E+13,7-Sep-21,7-Sep-21,-,7-Sep-21,2,18N,15W,W,9,CADDO,6,SHREVEPORT,228,32.57796556,-93.87952758,0,NO PRODUCT SPECIFIED,-,0,-
"TRINITY OPERATING (USG), LLC",T4080,4313,GREENWOOD-WASKOM,252965,HA RA SU134;BELLEVUE 11-14 H,002-ALT,-,1,PERMITTED,-,-,-,1.70174E+13,8-Sep-21,8-Sep-21,-,8-Sep-21,2,18N,15W,W,9,CADDO,6,SHREVEPORT,227,32.57796404,-93.87941393,0,NO PRODUCT SPECIFIED,-,0,-
"TRINITY OPERATING (USG), LLC",T4080,4313,GREENWOOD-WASKOM,252966,HA RA SU134;BELLEVUE 11-14 H,003-ALT,-,1,PERMITTED,-,-,-,1.70174E+13,8-Sep-21,8-Sep-21,-,8-Sep-21,2,18N,15W,W,9,CADDO,6,SHREVEPORT,227,32.57796526,-93.87930032,0,NO PRODUCT SPECIFIED,-,0,-
"TRINITY OPERATING (USG), LLC",T4080,4313,GREENWOOD-WASKOM,252967,HA RA SU132;SL HEROLD 23-14 H,002-ALT,-,1,PERMITTED,-,-,-,1.70174E+13,8-Sep-21,8-Sep-21,-,8-Sep-21,26,18N,16W,W,9,CADDO,6,SHREVEPORT,211,32.52840092,-93.97977246,0,NO PRODUCT SPECIFIED,-,0,-
"TRINITY OPERATING (USG), LLC",T4080,4313,GREENWOOD-WASKOM,252968,HA RA SU132;SL HEROLD 23-14 H,003-ALT,-,1,PERMITTED,-,-,-,1.70174E+13,8-Sep-21,8-Sep-21,-,8-Sep-21,26,18N,16W,W,9,CADDO,6,SHREVEPORT,212,32.52850069,-93.97993955,0,NO PRODUCT SPECIFIED,-,0,-
"TRINITY OPERATING (USG), LLC",T4080,4313,GREENWOOD-WASKOM,253100,BLOUNT 15-22 H,3,-,1,PERMITTED,-,-,-,1.70174E+13,30-Nov-21,30-Nov-21,-,30-Nov-21,14,18N,15W,W,9,CADDO,6,SHREVEPORT,207,32.55687628,-93.8795937,0,NO PRODUCT SPECIFIED,-,0,-
"TRINITY OPERATING (USG), LLC",T4080,6220,LONGWOOD,252937,HA RA SUHH;BLOUNT 10-3 H,001-ALT,-,1,PERMITTED,-,-,-,1.70174E+13,12-Aug-21,12-Aug-21,-,12-Aug-21,14,18N,15W,W,9,CADDO,6,SHREVEPORT,205,32.55687429,-93.8792691,0,NO PRODUCT SPECIFIED,-,0,-
"TRINITY OPERATING (USG), LLC",T4080,6220,LONGWOOD,252938,HA RA SUHH;BLOUNT 10-3 H,002-ALT,-,1,PERMITTED,-,-,-,1.70174E+13,12-Aug-21,12-Aug-21,-,12-Aug-21,14,18N,15W,W,9,CADDO,6,SHREVEPORT,206,32.55687616,-93.87935027,0,NO PRODUCT SPECIFIED,-,0,-
UNIVERSAL OIL CO.,6126,2152,CADDO PINE ISLAND,253039,HERRING,5,-,1,PERMITTED,-,-,-,1.70174E+13,14-Oct-21,14-Oct-21,-,14-Oct-21,24,22N,15W,W,9,CADDO,6,SHREVEPORT,228,32.88446739,-93.87465749,0,NO PRODUCT SPECIFIED,-,0,-
WEISER-BROWN OPERATING COMPANY,W031,3998,GAHAGAN,252998,ALMOND-HOOK,2,-,1,PERMITTED,-,-,-,1.70812E+13,27-Sep-21,27-Sep-21,-,27-Sep-21,3,12N,10W,W,41,RED RIVER,6,SHREVEPORT,133,32.05059933,-93.38529188,0,NO PRODUCT SPECIFIED,-,0,-
"WHITNEY OIL & GAS, LLC",W216,8453,SOUTH PASS BLOCK 24,252952,SL 1008,138,1008,1,PERMITTED,-,-,-,1.77212E+13,20-Aug-21,20-Aug-21,-,20-Aug-21,0,0,0,-,38,PLAQUEMINES,2,LAFAYETTE,0,29.0481831,-89.30491299,0,NO PRODUCT SPECIFIED,-,0,-
WILCOX ENERGY COMPANY,6479,3863,FIVE MILE BAYOU,253001,BOARD OF EDUCATION,1,-,1,PERMITTED,-,-,-,1.70292E+13,27-Sep-21,27-Sep-21,-,27-Sep-21,15,03N,07E,W,15,CONCORDIA,5,MONROE,45.5,31.22738726,-91.75934147,0,NO PRODUCT SPECIFIED,-,0,-
WILCOX ENERGY COMPANY,6479,3983,FROGMORE,253014,VUA;DAVIS ETAL,1,-,1,PERMITTED,-,-,-,1.70292E+13,29-Sep-21,29-Sep-21,-,29-Sep-21,32,08N,08E,W,15,CONCORDIA,5,MONROE,59.1,31.62258451,-91.67697532,0,NO PRODUCT SPECIFIED,-,0,-
WILCOX ENERGY COMPANY,6479,5655,LAKE ST JOHN,253002,PAN AM LIFE INS,78,-,1,PERMITTED,-,-,-,1.70292E+13,27-Sep-21,27-Sep-21,-,27-Sep-21,17,09N,10E,W,15,CONCORDIA,5,MONROE,63.5,31.72635006,-91.42583685,0,NO PRODUCT SPECIFIED,-,0,-
WILCOX ENERGY COMPANY,6479,5655,LAKE ST JOHN,253003,PAN AM LIFE INS,79,-,1,PERMITTED,-,-,-,1.70292E+13,27-Sep-21,27-Sep-21,-,27-Sep-21,6,09N,10E,W,15,CONCORDIA,5,MONROE,63,31.73202536,-91.41945653,0,NO PRODUCT SPECIFIED,-,0,-
WILCOX ENERGY COMPANY,6479,5655,LAKE ST JOHN,253026,LSJ 3400 A RA SU;APPLEGATE,73,-,1,PERMITTED,-,-,-,1.70292E+13,7-Oct-21,7-Oct-21,-,7-Oct-21,14,09N,10E,W,15,CONCORDIA,5,MONROE,63.1,31.73222631,-91.42693318,0,NO PRODUCT SPECIFIED,-,0,-
WILCOX ENERGY COMPANY,6479,5655,LAKE ST JOHN,253028,LSJ 3400 A RA SU;PAN AM LF INS,80,-,1,PERMITTED,-,-,-,1.70292E+13,12-Oct-21,12-Oct-21,-,12-Oct-21,7,09N,10E,W,15,CONCORDIA,5,MONROE,62.3,31.72750797,-91.42168043,0,NO PRODUCT SPECIFIED,-,0,-
WILCOX ENERGY COMPANY,6479,5655,LAKE ST JOHN,253029,LSJ 3400 A RA SU;PAN AM LF INS,81,-,1,PERMITTED,-,-,-,1.70292E+13,12-Oct-21,12-Oct-21,-,12-Oct-21,8,09N,10E,W,15,CONCORDIA,5,MONROE,61.6,31.72062102,-91.41845416,0,NO PRODUCT SPECIFIED,-,0,-
WILCOX ENERGY COMPANY,6479,5655,LAKE ST JOHN,253030,LSJ 3400 A RA SU;PAN AM LF INS,82,-,1,PERMITTED,-,-,-,1.70292E+13,12-Oct-21,12-Oct-21,-,12-Oct-21,15,09N,10E,W,15,CONCORDIA,5,MONROE,62.4,31.73309176,-91.43174836,0,NO PRODUCT SPECIFIED,-,0,-
"ZACHRY EXPLORATION, LLC",Z016,1738,"BON AIR, NORTHEAST",253067,HBY RB SUA;DJ BERKEN,1,-,1,PERMITTED,-,-,-,1.70532E+13,1-Nov-21,1-Nov-21,-,1-Nov-21,2,10S,05W,W,27,JEFFERSON DAVIS,2,LAFAYETTE,21,30.20553587,-92.85971477,0,NO PRODUCT SPECIFIED,-,0,-
